{
  "LogisticRegression": {
    "accuracy": 0.8166666666666667,
    "precision": 0.8178174603174603,
    "recall": 0.8166666666666667,
    "f1_score": 0.7986964886964888,
    "cv_mean": 0.7916666666666667,
    "cv_std": 0.03726779962499651
  },
  "RandomForest": {
    "accuracy": 0.9833333333333333,
    "precision": 0.9708333333333333,
    "recall": 0.9833333333333333,
    "f1_score": 0.9761904761904762,
    "cv_mean": 0.975,
    "cv_std": 0.024295632895188747
  },
  "MultinomialNB": {
    "accuracy": 0.8666666666666667,
    "precision": 0.8508333333333333,
    "recall": 0.8666666666666667,
    "f1_score": 0.8424338624338624,
    "cv_mean": 0.6958333333333333,
    "cv_std": 0.08897565210026094
  }
}